{
    "loss": 0.6441625952720642,
    "accuracy": 0.8600000143051147
}