{
    "loss": 0.9532162547111511,
    "accuracy": 0.8500000238418579
}